alignment_id,section_id,alignment_type,confidence,order,chinese_ref,chinese_text,translation_ref,translation_text
shijing__daya-shengmin-009__001__zhwikisource-20260530__legge-sbe-v3-1879,daya-shengmin-009,exact_or_near_exact,0.99,1,詩經·大雅·生民之什·009.1,"民亦勞止，汔可小康。惠此中國，以綏四方。
無縱詭隨，以謹無良。式遏寇虐，憯不畏明。柔遠能邇，以定我王。",民勞.1,"The people indeed are heavily burdened,
But perhaps a little relief may be got for them.
Let us cherish this centre of the kingdom,
To secure the repose of the four quarters of it.
Let us give no indulgence to the wily and obsequious,
In order to make the unconscientious careful,
And to repress robbers and oppressors,
Who have no fear of the clear will (of Heaven).
Then let us show kindness to those who are distant, And help those who are near,—
Thus
establishing (the throne of) our king."
